,In-vehicle,At-stop,Extra,Tardiness,Total
FTNC_Average_Demand_10,2472.9237317233983,13183.341871035727,606.9611933647758,4.4031444912353574,16267.629940615117
