,In-vehicle,At-stop,Extra,Tardiness,Total
FTNC_Average_Demand_20,2378.124763283948,13272.02798156233,653.8990711616505,1.3381751308491943,16305.389991138723
