,In-vehicle,At-stop,Extra,Tardiness,Total
FTNC_Average_Demand_15,2423.299489217733,13187.179901028183,586.8325906435762,97.24691894286926,16294.558899832384
