,In-vehicle,At-stop,Extra,Tardiness,Total
FTNC_Average_Demand_10,2472.9237317233983,13183.341871035727,606.9611933647758,4.4031444912353574,16267.629940615117
,In-vehicle,At-stop,Extra,Tardiness,Total
FTNC_Average_Demand_10,2455.274984722344,13095.808690238371,630.3256680479443,31.572369768156683,16212.981712776867
