,In-vehicle,At-stop,Extra,Tardiness,Total
FTNC,7.574835526315791,178.00985506394363,0.0,2.2299235227448335,187.8146141130041
